timestamp_sec,scenario_id,phase_name,step_index,x_offset_m,y_offset_m,yaw_offset_deg,joint_positions,joint_velocities,selected_contact_link_pose_xyz,tool0_pose_xyz,contact_force_n,contact_torque_nm,contact_gate_triggered,initial_no_contact_verified,stop_on_contact_executed,retreat_completed,rgb_topic_available,depth_topic_available,camera_info_available,rgb_frame_count,depth_frame_count
13.066035,nominal_centered,nominal_centered:start,0,0.000000,0.000000,0.000000,joint_1=-0.000000000;joint_2=-0.800000000;joint_3=1.200000000;joint_4=0.000000000;joint_5=0.800000000;joint_6=0.000000000,joint_1=nan;joint_2=nan;joint_3=nan;joint_4=nan;joint_5=nan;joint_6=nan,"0.799998,-0.264670,1.063381","0.799998,-0.206511,0.913789",0.000000,0.000000,false,false,false,false,true,true,true,233,232
14.857605,nominal_centered,nominal_centered:move_to_ready_pose,0,0.000000,0.000000,0.000000,joint_1=-0.001235500;joint_2=-0.794827777;joint_3=1.201051526;joint_4=0.008931995;joint_5=0.788390107;joint_6=0.021071026,joint_1=nan;joint_2=nan;joint_3=nan;joint_4=nan;joint_5=nan;joint_6=nan,"0.799400,-0.264293,1.060587","0.800341,-0.205329,0.911313",0.000000,0.000000,false,false,false,false,true,true,true,266,266
16.972039,nominal_centered,nominal_centered:move_to_no_contact_standby_pose,0,0.000000,0.000000,0.000000,joint_1=-0.007233312;joint_2=-0.807934119;joint_3=1.192936398;joint_4=0.003348778;joint_5=0.824504233;joint_6=0.023509541,joint_1=nan;joint_2=nan;joint_3=nan;joint_4=nan;joint_5=nan;joint_6=nan,"0.796492,-0.264675,1.069176","0.796478,-0.207936,0.919040",0.000000,0.000000,false,false,false,false,true,true,true,306,306
18.923375,nominal_centered,nominal_centered:compute_pad_pose,0,0.000000,0.000000,0.000000,joint_1=-0.007320585;joint_2=-0.808124886;joint_3=1.192818296;joint_4=0.003267460;joint_5=0.825029866;joint_6=0.023544863,joint_1=nan;joint_2=nan;joint_3=nan;joint_4=nan;joint_5=nan;joint_6=nan,"0.796445,-0.264682,1.069315","0.796415,-0.207980,0.919165",0.000000,0.000000,false,false,false,false,true,true,true,337,337
18.923806,nominal_centered,nominal_centered:spawn_or_reposition_pad,0,0.000000,0.000000,0.000000,joint_1=-0.007320585;joint_2=-0.808124886;joint_3=1.192818296;joint_4=0.003267460;joint_5=0.825029866;joint_6=0.023544863,joint_1=nan;joint_2=nan;joint_3=nan;joint_4=nan;joint_5=nan;joint_6=nan,"0.796445,-0.264682,1.069315","0.796415,-0.207980,0.919165",0.000000,0.000000,false,false,false,false,true,true,true,337,337
19.935511,nominal_centered,nominal_centered:verify_initial_no_contact,0,0.000000,0.000000,0.000000,joint_1=-0.007320974;joint_2=-0.808125737;joint_3=1.192817769;joint_4=0.003267097;joint_5=0.825032212;joint_6=0.023545021,joint_1=nan;joint_2=nan;joint_3=nan;joint_4=nan;joint_5=nan;joint_6=nan,"0.796445,-0.264682,1.069316","0.796415,-0.207980,0.919166",0.000000,0.000000,false,true,false,false,true,true,true,355,355
19.935956,nominal_centered,execute_bounded_approach_to_contact_steps,0,0.000000,0.000000,0.000000,joint_1=-0.007320974;joint_2=-0.808125737;joint_3=1.192817769;joint_4=0.003267097;joint_5=0.825032212;joint_6=0.023545021,joint_1=nan;joint_2=nan;joint_3=nan;joint_4=nan;joint_5=nan;joint_6=nan,"0.796445,-0.264682,1.069316","0.796415,-0.207980,0.919166",0.000000,0.000000,false,true,false,false,true,true,true,355,355
24.619460,nominal_centered,execute_contact_trigger_steps,1,0.000000,0.000000,0.000000,joint_1=-0.007320974;joint_2=-0.808125737;joint_3=1.192817756;joint_4=0.003267107;joint_5=0.826366922;joint_6=0.027904775,joint_1=nan;joint_2=nan;joint_3=nan;joint_4=nan;joint_5=nan;joint_6=nan,"0.796445,-0.264682,1.069316","0.796417,-0.208180,0.919090",0.090233,0.000000,true,true,true,false,true,true,true,428,428
24.619837,nominal_centered,nominal_centered:stop_on_contact_gate,0,0.000000,0.000000,0.000000,joint_1=-0.007320974;joint_2=-0.808125737;joint_3=1.192817756;joint_4=0.003267107;joint_5=0.826366922;joint_6=0.027904775,joint_1=nan;joint_2=nan;joint_3=nan;joint_4=nan;joint_5=nan;joint_6=nan,"0.796445,-0.264682,1.069316","0.796417,-0.208180,0.919090",0.090233,0.000000,true,true,true,false,true,true,true,428,428
26.394577,nominal_centered,nominal_centered:retreat_to_no_contact_standby_pose,0,0.000000,0.000000,0.000000,joint_1=0.006651637;joint_2=-0.809740056;joint_3=1.200503169;joint_4=0.009632756;joint_5=0.817331242;joint_6=0.028447356,joint_1=nan;joint_2=nan;joint_3=nan;joint_4=nan;joint_5=nan;joint_6=nan,"0.803220,-0.265719,1.067964","0.804726,-0.208780,0.917911",0.090585,0.000000,true,true,true,false,true,true,true,446,446
27.718104,nominal_centered,nominal_centered:verify_post_retreat_no_contact,0,0.000000,0.000000,0.000000,joint_1=0.008425828;joint_2=-0.809945036;joint_3=1.201479037;joint_4=0.010441042;joint_5=0.816090799;joint_6=0.028516212,joint_1=nan;joint_2=nan;joint_3=nan;joint_4=nan;joint_5=nan;joint_6=nan,"0.804072,-0.265857,1.067794","0.805772,-0.208851,0.917768",0.000000,0.000000,false,true,false,true,true,true,true,466,466
30.079850,nominal_centered,nominal_centered:return_to_ready_pose,0,0.000000,0.000000,0.000000,joint_1=-0.000069001;joint_2=-0.789256716;joint_3=1.201956043;joint_4=-0.008111486;joint_5=0.799899742;joint_6=0.023828996,joint_1=nan;joint_2=nan;joint_3=nan;joint_4=nan;joint_5=nan;joint_6=nan,"0.799975,-0.263880,1.057649","0.799043,-0.207608,0.907340",0.000000,0.000000,false,true,false,true,true,true,true,512,512
30.080250,nominal_centered,nominal_centered:validate_final_state,0,0.000000,0.000000,0.000000,joint_1=-0.000069001;joint_2=-0.789256716;joint_3=1.201956043;joint_4=-0.008111486;joint_5=0.799899742;joint_6=0.023828996,joint_1=nan;joint_2=nan;joint_3=nan;joint_4=nan;joint_5=nan;joint_6=nan,"0.799975,-0.263880,1.057649","0.799043,-0.207608,0.907340",0.000000,0.000000,false,true,false,true,true,true,true,512,512
30.080671,x_positive_offset,x_positive_offset:start,0,0.003000,0.000000,0.000000,joint_1=-0.000069001;joint_2=-0.789256716;joint_3=1.201956043;joint_4=-0.008111486;joint_5=0.799899742;joint_6=0.023828996,joint_1=nan;joint_2=nan;joint_3=nan;joint_4=nan;joint_5=nan;joint_6=nan,"0.799975,-0.263880,1.057649","0.799043,-0.207608,0.907340",0.000000,0.000000,false,false,false,false,true,true,true,512,512
31.938649,x_positive_offset,x_positive_offset:move_to_ready_pose,0,0.003000,0.000000,0.000000,joint_1=0.001432152;joint_2=-0.797886624;joint_3=1.197059186;joint_4=-0.009282407;joint_5=0.805255057;joint_6=0.022441392,joint_1=nan;joint_2=nan;joint_3=nan;joint_4=nan;joint_5=nan;joint_6=nan,"0.800694,-0.264119,1.063168","0.799702,-0.206620,0.913324",0.000000,0.000000,false,false,false,false,true,true,true,549,549
33.696390,x_positive_offset,x_positive_offset:move_to_no_contact_standby_pose,0,0.003000,0.000000,0.000000,joint_1=-0.001045678;joint_2=-0.805725625;joint_3=1.188376066;joint_4=-0.001717439;joint_5=0.811285313;joint_6=0.022983456,joint_1=nan;joint_2=nan;joint_3=nan;joint_4=nan;joint_5=nan;joint_6=nan,"0.799490,-0.263920,1.069386","0.799228,-0.204856,0.920149",0.000000,0.000000,false,false,false,false,true,true,true,584,583
35.022713,x_positive_offset,x_positive_offset:compute_pad_pose,0,0.003000,0.000000,0.000000,joint_1=-0.001090683;joint_2=-0.805867889;joint_3=1.188218443;joint_4=-0.001580067;joint_5=0.811394763;joint_6=0.022993310,joint_1=nan;joint_2=nan;joint_3=nan;joint_4=nan;joint_5=nan;joint_6=nan,"0.799468,-0.263918,1.069498","0.799219,-0.204825,0.920273",0.000000,0.000000,false,false,false,false,true,true,true,607,606
35.023114,x_positive_offset,x_positive_offset:spawn_or_reposition_pad,0,0.003000,0.000000,0.000000,joint_1=-0.001090683;joint_2=-0.805867889;joint_3=1.188218443;joint_4=-0.001580067;joint_5=0.811394763;joint_6=0.022993310,joint_1=nan;joint_2=nan;joint_3=nan;joint_4=nan;joint_5=nan;joint_6=nan,"0.799468,-0.263918,1.069498","0.799219,-0.204825,0.920273",0.000000,0.000000,false,false,false,false,true,true,true,607,606
36.028087,x_positive_offset,x_positive_offset:verify_initial_no_contact,0,0.003000,0.000000,0.000000,joint_1=-0.001091493;joint_2=-0.805870451;joint_3=1.188215604;joint_4=-0.001577593;joint_5=0.811396734;joint_6=0.022993488,joint_1=nan;joint_2=nan;joint_3=nan;joint_4=nan;joint_5=nan;joint_6=nan,"0.799468,-0.263918,1.069501","0.799219,-0.204824,0.920276",0.000000,0.000000,false,true,false,false,true,true,true,627,626
36.028619,x_positive_offset,execute_bounded_approach_to_contact_steps,0,0.003000,0.000000,0.000000,joint_1=-0.001091493;joint_2=-0.805870451;joint_3=1.188215604;joint_4=-0.001577593;joint_5=0.811396734;joint_6=0.022993488,joint_1=nan;joint_2=nan;joint_3=nan;joint_4=nan;joint_5=nan;joint_6=nan,"0.799468,-0.263918,1.069501","0.799219,-0.204824,0.920276",0.000000,0.000000,false,true,false,false,true,true,true,627,626
40.295206,x_positive_offset,execute_contact_trigger_steps,1,0.003000,0.000000,0.000000,joint_1=-0.001091493;joint_2=-0.805870451;joint_3=1.188215594;joint_4=-0.001577586;joint_5=0.815389130;joint_6=0.027353598,joint_1=nan;joint_2=nan;joint_3=nan;joint_4=nan;joint_5=nan;joint_6=nan,"0.799468,-0.263918,1.069501","0.799219,-0.205423,0.920040",0.091598,0.000000,true,true,true,false,true,true,true,700,700
40.295829,x_positive_offset,x_positive_offset:stop_on_contact_gate,0,0.003000,0.000000,0.000000,joint_1=-0.001091493;joint_2=-0.805870451;joint_3=1.188215594;joint_4=-0.001577586;joint_5=0.815389130;joint_6=0.027353598,joint_1=nan;joint_2=nan;joint_3=nan;joint_4=nan;joint_5=nan;joint_6=nan,"0.799468,-0.263918,1.069501","0.799219,-0.205423,0.920040",0.091598,0.000000,true,true,true,false,true,true,true,700,700
42.512334,x_positive_offset,x_positive_offset:retreat_to_no_contact_standby_pose,0,0.003000,0.000000,0.000000,joint_1=0.010635361;joint_2=-0.802075826;joint_3=1.189355625;joint_4=0.007942726;joint_5=0.812196249;joint_6=0.024791742,joint_1=nan;joint_2=nan;joint_3=nan;joint_4=nan;joint_5=nan;joint_6=nan,"0.805118,-0.263683,1.067359","0.806646,-0.205459,0.917800",0.092044,0.000000,true,true,true,false,true,true,true,723,723
43.833787,x_positive_offset,x_positive_offset:verify_post_retreat_no_contact,0,0.003000,0.000000,0.000000,joint_1=0.011585170;joint_2=-0.801768483;joint_3=1.189447962;joint_4=0.008713816;joint_5=0.812097028;joint_6=0.024584231,joint_1=nan;joint_2=nan;joint_3=nan;joint_4=nan;joint_5=nan;joint_6=nan,"0.805633,-0.263665,1.067164","0.807322,-0.205487,0.917589",0.000000,0.000000,false,true,false,true,true,true,true,744,744
45.548246,x_positive_offset,x_positive_offset:return_to_ready_pose,0,0.003000,0.000000,0.000000,joint_1=0.011888131;joint_2=-0.807503100;joint_3=1.192175458;joint_4=0.010094979;joint_5=0.792196569;joint_6=0.011494414,joint_1=nan;joint_2=nan;joint_3=nan;joint_4=nan;joint_5=nan;joint_6=nan,"0.805769,-0.264561,1.069181","0.807653,-0.202993,0.920972",0.000000,0.000000,false,true,false,true,true,true,true,776,776
45.548728,x_positive_offset,x_positive_offset:validate_final_state,0,0.003000,0.000000,0.000000,joint_1=0.011888131;joint_2=-0.807503100;joint_3=1.192175458;joint_4=0.010094979;joint_5=0.792196569;joint_6=0.011494414,joint_1=nan;joint_2=nan;joint_3=nan;joint_4=nan;joint_5=nan;joint_6=nan,"0.805769,-0.264561,1.069181","0.807653,-0.202993,0.920972",0.000000,0.000000,false,true,false,true,true,true,true,776,776
45.549212,x_negative_offset,x_negative_offset:start,0,-0.003000,0.000000,0.000000,joint_1=0.011888131;joint_2=-0.807503100;joint_3=1.192175458;joint_4=0.010094979;joint_5=0.792196569;joint_6=0.011494414,joint_1=nan;joint_2=nan;joint_3=nan;joint_4=nan;joint_5=nan;joint_6=nan,"0.805769,-0.264561,1.069181","0.807653,-0.202993,0.920972",0.000000,0.000000,false,false,false,false,true,true,true,776,776
46.959197,x_negative_offset,x_negative_offset:move_to_ready_pose,0,-0.003000,0.000000,0.000000,joint_1=-0.007685874;joint_2=-0.807824330;joint_3=1.207082378;joint_4=0.001562894;joint_5=0.796449588;joint_6=0.012399279,joint_1=nan;joint_2=nan;joint_3=nan;joint_4=nan;joint_5=nan;joint_6=nan,"0.796280,-0.266288,1.065215","0.796008,-0.207488,0.915874",0.000000,0.000000,false,false,false,false,true,true,true,804,803
49.273016,x_negative_offset,x_negative_offset:move_to_no_contact_standby_pose,0,-0.003000,0.000000,0.000000,joint_1=0.006499043;joint_2=-0.790258150;joint_3=1.188851103;joint_4=-0.008877549;joint_5=0.814559811;joint_6=0.015581648,joint_1=nan;joint_2=nan;joint_3=nan;joint_4=nan;joint_5=nan;joint_6=nan,"0.803167,-0.262429,1.061724","0.802496,-0.206236,0.911384",0.000000,0.000000,false,false,false,false,true,true,true,847,847
50.608650,x_negative_offset,x_negative_offset:compute_pad_pose,0,-0.003000,0.000000,0.000000,joint_1=0.006650124;joint_2=-0.790071144;joint_3=1.188656962;joint_4=-0.008988664;joint_5=0.814752592;joint_6=0.015615523,joint_1=nan;joint_2=nan;joint_3=nan;joint_4=nan;joint_5=nan;joint_6=nan,"0.803241,-0.262389,1.061686","0.802564,-0.206224,0.911336",0.000000,0.000000,false,false,false,false,true,true,true,872,872
50.609250,x_negative_offset,x_negative_offset:spawn_or_reposition_pad,0,-0.003000,0.000000,0.000000,joint_1=0.006650124;joint_2=-0.790071144;joint_3=1.188656962;joint_4=-0.008988664;joint_5=0.814752592;joint_6=0.015615523,joint_1=nan;joint_2=nan;joint_3=nan;joint_4=nan;joint_5=nan;joint_6=nan,"0.803241,-0.262389,1.061686","0.802564,-0.206224,0.911336",0.000000,0.000000,false,false,false,false,true,true,true,872,872
51.613052,x_negative_offset,x_negative_offset:verify_initial_no_contact,0,-0.003000,0.000000,0.000000,joint_1=0.006652312;joint_2=-0.790068435;joint_3=1.188654150;joint_4=-0.008990274;joint_5=0.814755385;joint_6=0.015616014,joint_1=nan;joint_2=nan;joint_3=nan;joint_4=nan;joint_5=nan;joint_6=nan,"0.803242,-0.262389,1.061686","0.802566,-0.206223,0.911335",0.000000,0.000000,false,true,false,false,true,true,true,891,891
51.613431,x_negative_offset,execute_bounded_approach_to_contact_steps,0,-0.003000,0.000000,0.000000,joint_1=0.006652312;joint_2=-0.790068435;joint_3=1.188654150;joint_4=-0.008990274;joint_5=0.814755385;joint_6=0.015616014,joint_1=nan;joint_2=nan;joint_3=nan;joint_4=nan;joint_5=nan;joint_6=nan,"0.803242,-0.262389,1.061686","0.802566,-0.206223,0.911335",0.000000,0.000000,false,true,false,false,true,true,true,891,891
55.987414,x_negative_offset,execute_contact_trigger_steps,1,-0.003000,0.000000,0.000000,joint_1=0.006652313;joint_2=-0.790068435;joint_3=1.188654146;joint_4=-0.008990271;joint_5=0.818039672;joint_6=0.019975768,joint_1=nan;joint_2=nan;joint_3=nan;joint_4=nan;joint_5=nan;joint_6=nan,"0.803242,-0.262389,1.061686","0.802559,-0.206717,0.911152",0.091999,0.000000,true,true,true,false,true,true,true,965,964
55.988038,x_negative_offset,x_negative_offset:stop_on_contact_gate,0,-0.003000,0.000000,0.000000,joint_1=0.006652313;joint_2=-0.790068435;joint_3=1.188654146;joint_4=-0.008990271;joint_5=0.818039672;joint_6=0.019975768,joint_1=nan;joint_2=nan;joint_3=nan;joint_4=nan;joint_5=nan;joint_6=nan,"0.803242,-0.262389,1.061686","0.802559,-0.206717,0.911152",0.091999,0.000000,true,true,true,false,true,true,true,965,964
59.254022,x_negative_offset,x_negative_offset:retreat_to_no_contact_standby_pose,0,-0.003000,0.000000,0.000000,joint_1=0.005995480;joint_2=-0.803341099;joint_3=1.195980560;joint_4=0.003046652;joint_5=0.809134810;joint_6=0.024705106,joint_1=nan;joint_2=nan;joint_3=nan;joint_4=nan;joint_5=nan;joint_6=nan,"0.802910,-0.264535,1.066093","0.803604,-0.206661,0.916392",0.094836,0.000000,true,true,true,false,true,true,true,998,997
60.582190,x_negative_offset,x_negative_offset:verify_post_retreat_no_contact,0,-0.003000,0.000000,0.000000,joint_1=0.005966045;joint_2=-0.803935885;joint_3=1.196308879;joint_4=0.003586061;joint_5=0.809121803;joint_6=0.024917039,joint_1=nan;joint_2=nan;joint_3=nan;joint_4=nan;joint_5=nan;joint_6=nan,"0.802894,-0.264644,1.066313","0.803656,-0.206712,0.916634",0.000000,0.000000,false,true,false,true,true,true,true,1019,1019
62.389691,x_negative_offset,x_negative_offset:return_to_ready_pose,0,-0.003000,0.000000,0.000000,joint_1=0.005290876;joint_2=-0.811379091;joint_3=1.192895704;joint_4=0.011022420;joint_5=0.790927748;joint_6=0.006818741,joint_1=nan;joint_2=nan;joint_3=nan;joint_4=nan;joint_5=nan;joint_6=nan,"0.802566,-0.265025,1.070854","0.804149,-0.202790,0.922920",0.000000,0.000000,false,true,false,true,true,true,true,1054,1054
62.390541,x_negative_offset,x_negative_offset:validate_final_state,0,-0.003000,0.000000,0.000000,joint_1=0.005290876;joint_2=-0.811379091;joint_3=1.192895704;joint_4=0.011022420;joint_5=0.790927748;joint_6=0.006818741,joint_1=nan;joint_2=nan;joint_3=nan;joint_4=nan;joint_5=nan;joint_6=nan,"0.802566,-0.265025,1.070854","0.804149,-0.202790,0.922920",0.000000,0.000000,false,true,false,true,true,true,true,1054,1054
62.391412,y_positive_offset,y_positive_offset:start,0,0.000000,0.003000,0.000000,joint_1=0.005290876;joint_2=-0.811379091;joint_3=1.192895704;joint_4=0.011022420;joint_5=0.790927748;joint_6=0.006818741,joint_1=nan;joint_2=nan;joint_3=nan;joint_4=nan;joint_5=nan;joint_6=nan,"0.802566,-0.265025,1.070854","0.804149,-0.202790,0.922920",0.000000,0.000000,false,false,false,false,true,true,true,1054,1054
63.900379,y_positive_offset,y_positive_offset:move_to_ready_pose,0,0.000000,0.003000,0.000000,joint_1=0.009097814;joint_2=-0.807834678;joint_3=1.193750096;joint_4=-0.004903725;joint_5=0.789781743;joint_6=0.005327128,joint_1=nan;joint_2=nan;joint_3=nan;joint_4=nan;joint_5=nan;joint_6=nan,"0.804401,-0.264766,1.068929","0.804414,-0.202983,0.920796",0.000000,0.000000,false,false,false,false,true,true,true,1083,1083
65.962938,y_positive_offset,y_positive_offset:move_to_no_contact_standby_pose,0,0.000000,0.003000,0.000000,joint_1=0.010412000;joint_2=-0.794865920;joint_3=1.190076038;joint_4=-0.011015947;joint_5=0.822887661;joint_6=0.022900869,joint_1=nan;joint_2=nan;joint_3=nan;joint_4=nan;joint_5=nan;joint_6=nan,"0.805066,-0.263043,1.063648","0.804350,-0.207567,0.913042",0.000000,0.000000,false,false,false,false,true,true,true,1123,1123
67.303242,y_positive_offset,y_positive_offset:compute_pad_pose,0,0.000000,0.003000,0.000000,joint_1=0.010430589;joint_2=-0.794682138;joint_3=1.190023954;joint_4=-0.011102422;joint_5=0.823356911;joint_6=0.023149972,joint_1=nan;joint_2=nan;joint_3=nan;joint_4=nan;joint_5=nan;joint_6=nan,"0.805078,-0.263014,1.063555","0.804348,-0.207649,0.912909",0.000000,0.000000,false,false,false,false,true,true,true,1147,1147
67.303820,y_positive_offset,y_positive_offset:spawn_or_reposition_pad,0,0.000000,0.003000,0.000000,joint_1=0.010430589;joint_2=-0.794682138;joint_3=1.190023954;joint_4=-0.011102422;joint_5=0.823356911;joint_6=0.023149972,joint_1=nan;joint_2=nan;joint_3=nan;joint_4=nan;joint_5=nan;joint_6=nan,"0.805078,-0.263014,1.063555","0.804348,-0.207649,0.912909",0.000000,0.000000,false,false,false,false,true,true,true,1147,1147
68.306467,y_positive_offset,y_positive_offset:verify_initial_no_contact,0,0.000000,0.003000,0.000000,joint_1=0.010430890;joint_2=-0.794679164;joint_3=1.190023111;joint_4=-0.011103821;joint_5=0.823364504;joint_6=0.023154003,joint_1=nan;joint_2=nan;joint_3=nan;joint_4=nan;joint_5=nan;joint_6=nan,"0.805078,-0.263013,1.063554","0.804348,-0.207650,0.912907",0.000000,0.000000,false,true,false,false,true,true,true,1167,1166
68.306879,y_positive_offset,execute_bounded_approach_to_contact_steps,0,0.000000,0.003000,0.000000,joint_1=0.010430890;joint_2=-0.794679164;joint_3=1.190023111;joint_4=-0.011103821;joint_5=0.823364504;joint_6=0.023154003,joint_1=nan;joint_2=nan;joint_3=nan;joint_4=nan;joint_5=nan;joint_6=nan,"0.805078,-0.263013,1.063554","0.804348,-0.207650,0.912907",0.000000,0.000000,false,true,false,false,true,true,true,1167,1166
72.685925,y_positive_offset,execute_contact_trigger_steps,1,0.000000,0.003000,0.000000,joint_1=0.010430890;joint_2=-0.794679164;joint_3=1.190023111;joint_4=-0.011103821;joint_5=0.825249279;joint_6=0.027513758,joint_1=nan;joint_2=nan;joint_3=nan;joint_4=nan;joint_5=nan;joint_6=nan,"0.805078,-0.263013,1.063554","0.804343,-0.207957,0.912794",0.092517,0.000000,true,true,true,false,true,true,true,1240,1239
72.686315,y_positive_offset,y_positive_offset:stop_on_contact_gate,0,0.000000,0.003000,0.000000,joint_1=0.010430890;joint_2=-0.794679164;joint_3=1.190023111;joint_4=-0.011103821;joint_5=0.825249279;joint_6=0.027513758,joint_1=nan;joint_2=nan;joint_3=nan;joint_4=nan;joint_5=nan;joint_6=nan,"0.805078,-0.263013,1.063554","0.804343,-0.207957,0.912794",0.092517,0.000000,true,true,true,false,true,true,true,1240,1239
74.599248,y_positive_offset,y_positive_offset:retreat_to_no_contact_standby_pose,0,0.000000,0.003000,0.000000,joint_1=-0.009266214;joint_2=-0.796438916;joint_3=1.193457265;joint_4=0.004053177;joint_5=0.811717741;joint_6=0.025628663,joint_1=nan;joint_2=nan;joint_3=nan;joint_4=nan;joint_5=nan;joint_6=nan,"0.795607,-0.263570,1.063461","0.795544,-0.206758,0.913352",0.094659,0.000000,true,true,true,false,true,true,true,1259,1259
75.937513,y_positive_offset,y_positive_offset:verify_post_retreat_no_contact,0,0.000000,0.003000,0.000000,joint_1=-0.011366170;joint_2=-0.796626527;joint_3=1.193823377;joint_4=0.005669109;joint_5=0.809358682;joint_6=0.025427660,joint_1=nan;joint_2=nan;joint_3=nan;joint_4=nan;joint_5=nan;joint_6=nan,"0.794473,-0.263650,1.063450","0.794481,-0.206470,0.913481",0.000000,0.000000,false,true,false,true,true,true,true,1281,1280
77.754240,y_positive_offset,y_positive_offset:return_to_ready_pose,0,0.000000,0.003000,0.000000,joint_1=-0.010460110;joint_2=-0.788716092;joint_3=1.195761942;joint_4=0.008376863;joint_5=0.802602422;joint_6=0.006136853,joint_1=nan;joint_2=nan;joint_3=nan;joint_4=nan;joint_5=nan;joint_6=nan,"0.794903,-0.263113,1.059082","0.795275,-0.206390,0.908940",0.000000,0.000000,false,true,false,true,true,true,true,1316,1315
77.755136,y_positive_offset,y_positive_offset:validate_final_state,0,0.000000,0.003000,0.000000,joint_1=-0.010460110;joint_2=-0.788716092;joint_3=1.195761942;joint_4=0.008376863;joint_5=0.802602422;joint_6=0.006136853,joint_1=nan;joint_2=nan;joint_3=nan;joint_4=nan;joint_5=nan;joint_6=nan,"0.794903,-0.263113,1.059082","0.795275,-0.206390,0.908940",0.000000,0.000000,false,true,false,true,true,true,true,1316,1315
77.755785,y_negative_offset,y_negative_offset:start,0,0.000000,-0.003000,0.000000,joint_1=-0.010460110;joint_2=-0.788716092;joint_3=1.195761942;joint_4=0.008376863;joint_5=0.802602422;joint_6=0.006136853,joint_1=nan;joint_2=nan;joint_3=nan;joint_4=nan;joint_5=nan;joint_6=nan,"0.794903,-0.263113,1.059082","0.795275,-0.206390,0.908940",0.000000,0.000000,false,false,false,false,true,true,true,1316,1315
79.163410,y_negative_offset,y_negative_offset:move_to_ready_pose,0,0.000000,-0.003000,0.000000,joint_1=0.009501929;joint_2=-0.790776831;joint_3=1.209938023;joint_4=-0.004379314;joint_5=0.795810017;joint_6=0.021121035,joint_1=nan;joint_2=nan;joint_3=nan;joint_4=nan;joint_5=nan;joint_6=nan,"0.804539,-0.264991,1.056192","0.804570,-0.209070,0.905749",0.000000,0.000000,false,false,false,false,true,true,true,1343,1343
80.470261,y_negative_offset,y_negative_offset:move_to_no_contact_standby_pose,0,0.000000,-0.003000,0.000000,joint_1=0.010303128;joint_2=-0.791556427;joint_3=1.199434700;joint_4=-0.002880763;joint_5=0.801628896;joint_6=0.031526628,joint_1=nan;joint_2=nan;joint_3=nan;joint_4=nan;joint_5=nan;joint_6=nan,"0.805008,-0.263815,1.059436","0.805260,-0.207081,0.909298",0.000000,0.000000,false,false,false,false,true,true,true,1368,1367
81.821671,y_negative_offset,y_negative_offset:compute_pad_pose,0,0.000000,-0.003000,0.000000,joint_1=0.010335920;joint_2=-0.791590178;joint_3=1.198975517;joint_4=-0.002814110;joint_5=0.801883171;joint_6=0.031978454,joint_1=nan;joint_2=nan;joint_3=nan;joint_4=nan;joint_5=nan;joint_6=nan,"0.805024,-0.263764,1.059578","0.805286,-0.206994,0.909454",0.000000,0.000000,false,false,false,false,true,true,true,1390,1390
81.822113,y_negative_offset,y_negative_offset:spawn_or_reposition_pad,0,0.000000,-0.003000,0.000000,joint_1=0.010335920;joint_2=-0.791590178;joint_3=1.198975517;joint_4=-0.002814110;joint_5=0.801883171;joint_6=0.031978454,joint_1=nan;joint_2=nan;joint_3=nan;joint_4=nan;joint_5=nan;joint_6=nan,"0.805024,-0.263764,1.059578","0.805286,-0.206994,0.909454",0.000000,0.000000,false,false,false,false,true,true,true,1390,1390
82.828762,y_negative_offset,y_negative_offset:verify_initial_no_contact,0,0.000000,-0.003000,0.000000,joint_1=0.010336575;joint_2=-0.791590853;joint_3=1.198966340;joint_4=-0.002812778;joint_5=0.801888253;joint_6=0.031987483,joint_1=nan;joint_2=nan;joint_3=nan;joint_4=nan;joint_5=nan;joint_6=nan,"0.805024,-0.263763,1.059581","0.805287,-0.206992,0.909457",0.000000,0.000000,false,true,false,false,true,true,true,1409,1409
82.829143,y_negative_offset,execute_bounded_approach_to_contact_steps,0,0.000000,-0.003000,0.000000,joint_1=0.010336575;joint_2=-0.791590853;joint_3=1.198966340;joint_4=-0.002812778;joint_5=0.801888253;joint_6=0.031987483,joint_1=nan;joint_2=nan;joint_3=nan;joint_4=nan;joint_5=nan;joint_6=nan,"0.805024,-0.263763,1.059581","0.805287,-0.206992,0.909457",0.000000,0.000000,false,true,false,false,true,true,true,1409,1409
87.202155,y_negative_offset,execute_contact_trigger_steps,1,0.000000,-0.003000,0.000000,joint_1=0.010336575;joint_2=-0.791590853;joint_3=1.198966340;joint_4=-0.002812778;joint_5=0.805128559;joint_6=0.036345908,joint_1=nan;joint_2=nan;joint_3=nan;joint_4=nan;joint_5=nan;joint_6=nan,"0.805024,-0.263763,1.059581","0.805280,-0.207505,0.909264",0.091450,0.000000,true,true,true,false,true,true,true,1480,1480
87.202538,y_negative_offset,y_negative_offset:stop_on_contact_gate,0,0.000000,-0.003000,0.000000,joint_1=0.010336575;joint_2=-0.791590853;joint_3=1.198966340;joint_4=-0.002812778;joint_5=0.805128559;joint_6=0.036345908,joint_1=nan;joint_2=nan;joint_3=nan;joint_4=nan;joint_5=nan;joint_6=nan,"0.805024,-0.263763,1.059581","0.805280,-0.207505,0.909264",0.091450,0.000000,true,true,true,false,true,true,true,1480,1480
89.174698,y_negative_offset,y_negative_offset:retreat_to_no_contact_standby_pose,0,0.000000,-0.003000,0.000000,joint_1=-0.008172868;joint_2=-0.790152669;joint_3=1.200896566;joint_4=0.005007616;joint_5=0.802042382;joint_6=0.019633184,joint_1=nan;joint_2=nan;joint_3=nan;joint_4=nan;joint_5=nan;joint_6=nan,"0.796246,-0.263844,1.058381","0.796368,-0.207633,0.908046",0.092988,0.000000,true,true,true,false,true,true,true,1500,1500
90.505615,y_negative_offset,y_negative_offset:verify_post_retreat_no_contact,0,0.000000,-0.003000,0.000000,joint_1=-0.010071668;joint_2=-0.790005132;joint_3=1.201094582;joint_4=0.005809873;joint_5=0.806858382;joint_6=0.017918663,joint_1=nan;joint_2=nan;joint_3=nan;joint_4=nan;joint_5=nan;joint_6=nan,"0.795107,-0.263866,1.058225","0.795221,-0.208390,0.907618",0.000000,0.000000,false,true,false,true,true,true,true,1522,1521
92.315245,y_negative_offset,y_negative_offset:return_to_ready_pose,0,0.000000,-0.003000,0.000000,joint_1=0.009477237;joint_2=-0.797473544;joint_3=1.189797666;joint_4=-0.004738834;joint_5=0.810023690;joint_6=0.012922325,joint_1=nan;joint_2=nan;joint_3=nan;joint_4=nan;joint_5=nan;joint_6=nan,"0.804611,-0.263260,1.064977","0.804608,-0.205450,0.915250",0.000000,0.000000,false,true,false,true,true,true,true,1556,1556
92.315912,y_negative_offset,y_negative_offset:validate_final_state,0,0.000000,-0.003000,0.000000,joint_1=0.009477237;joint_2=-0.797473544;joint_3=1.189797666;joint_4=-0.004738834;joint_5=0.810023690;joint_6=0.012922325,joint_1=nan;joint_2=nan;joint_3=nan;joint_4=nan;joint_5=nan;joint_6=nan,"0.804611,-0.263260,1.064977","0.804608,-0.205450,0.915250",0.000000,0.000000,false,true,false,true,true,true,true,1556,1556
