elapsed_sec,evidence_package_generated,evidence_package_written,sprint_registry_generated,completed_sprint_count,diagnostics_sources_found_count,fake_dataset_created,fake_plot_created,experimental_result_created,scenario_execution_claimed,real_robot_validation_claimed,status
0.316,true,false,true,14,14,false,false,false,false,false,evidence_package_pending
0.516,true,false,true,14,14,false,false,false,false,false,evidence_package_pending
0.717,true,false,true,14,14,false,false,false,false,false,evidence_package_pending
0.917,true,false,true,14,14,false,false,false,false,false,evidence_package_pending
1.116,true,false,true,14,14,false,false,false,false,false,evidence_package_pending
1.316,true,false,true,14,14,false,false,false,false,false,evidence_package_pending
1.516,true,false,true,14,14,false,false,false,false,false,evidence_package_pending
1.716,true,false,true,14,14,false,false,false,false,false,evidence_package_pending
1.916,true,false,true,14,14,false,false,false,false,false,evidence_package_pending
2.116,true,false,true,14,14,false,false,false,false,false,evidence_package_pending
2.317,true,false,true,14,14,false,false,false,false,false,evidence_package_pending
2.516,true,false,true,14,14,false,false,false,false,false,evidence_package_pending
2.716,true,false,true,14,14,false,false,false,false,false,evidence_package_pending
2.916,true,false,true,14,14,false,false,false,false,false,evidence_package_pending
3.116,true,false,true,14,14,false,false,false,false,false,evidence_package_pending
3.126,true,true,true,14,14,false,false,false,false,false,evidence_package_validated
